Date,Lane,Title,Summary,Status,Primary Docs
2026-03-11 to 2026-03-19,Foundation,Discovery and execution foundations,"Structured discovery, standards, and agent/delivery rules were defined. The product began as a discovery-led orchestration system for HubSpot implementation work.",Completed,"discovery-schema.md; discovery-operating-model.md; standards-matrix.md; agent-delivery-model.md"
2026-03-24,Product Definition,Product reset and source-of-truth pack,"The repo was reframed around a v1 operating model with product scope, architecture, domain model, roadmap, wireframes, and approval model. Docs became the main source of truth over the prototype.",Completed,"README.md; product-scope.md; architecture.md; domain-model.md; roadmap.md; mvp-wireframes.md; client-workspace-and-approval-model.md"
2026-03-25 to 2026-03-27,Execution Buildout,Sprint and execution expansion,"Portal Ops, workers, task board, approvals, email tooling, UX redesign, and agent capability planning expanded the platform from concept into a more complete internal operating tool.",Completed,"platform-goal-alignment-report.md; sprint-portal-ops-execution-layer.md; sprint-01-job-worker.md; sprint-02-dashboard-agent-completion.md; sprint-03-cowork-perplexity-integration.md; sprint-04-task-board-approval-gates.md; sprint-05-security-data-model.md; sprint-06-email-composer-agenda-tool.md; sprint-07-ux-redesign.md"
2026-03-25 to 2026-03-27,Documentation Drift,Handoff and build-history layer,"A large set of sprint and handoff docs captured implementation detail and short-term direction, but also created documentation clutter and made the active product narrative harder to scan.",Needs cleanup,"codex-handoff-all-sprints.md; codex-full-bug-fix-handoff.md; replit.md"
2026-04-17,Commercial Model,Retainers become first-class,"Retainer logic moved into formal product territory, expanding the platform from project execution toward ongoing support, hour logic, and commercial operations.",Completed,"retainer-rules-v1.md"
2026-04-22,Reality Check,Magnisol exposes the next product shape,"Real delivery pressure showed that discovery is often ongoing, workstreams matter, hours matter, and one connected project must support implementation, website, and client inputs together.",Completed,"magnisol-deployos-implementation-plan.md; magnisol-deployos-enhancement-plan.md"
2026-04-22,Operational Readiness,Validation and local runbook,"Acceptance walkthroughs, reconciliation checks, and local-dev guidance pushed the product closer to operational use rather than pure prototyping.",Completed,"phase-b-acceptance-walkthrough.md; reconciliation-dry-run-summary.md; local-dev.md"
2026-04-28,Current Direction,Transnova-style optimisation and retainer workflow,"The docs now explicitly recognise optimisation, retainer, client portal review, HubSpot connection, invoicing, and scoped follow-on work as real product needs. Discovery is no longer the only valid starting path.",Current,"retainer-project-portal-invoice-spec.md"
2026-04-28,Current State,What the product is now,"Muloo Deploy OS is now best understood as an internal delivery operating system for context capture, scoping, quoting, client collaboration, and delivery management across implementation, optimisation, and retained support.",Current,"project-overview-timeline.md; project-overview-review.md; platform-goal-alignment-report.md"
Next,Recommended Focus,Clarify the main operating model,"The next product step is to tighten coherence: make the front doors clearer, reduce discovery-first friction in optimisation flows, centralise Prepare/context, and archive historical sprint docs out of the active docs layer.",Recommended,"project-overview-review.md; project-overview-timeline.md"
